{
  "training_sizes": [
    100,
    250,
    500,
    1000,
    2500,
    5000,
    10000,
    15000,
    22500,
    33750
  ],
  "accuracies": [
    0,
    0,
    0,
    0,
    0,
    0,
    0,
    0,
    0,
    0
  ],
  "confidences": [
    0.9,
    0.9,
    0.9,
    0.9,
    0.9,
    0.9,
    0.9,
    0.9,
    0.9,
    0.9
  ],
  "kb_usage": [
    1.0,
    1.0,
    1.0,
    1.0,
    1.0,
    1.0,
    1.0,
    1.0,
    1.0,
    1.0
  ],
  "ml_usage": [
    0.0,
    0.0,
    0.0,
    0.0,
    0.0,
    0.0,
    0.0,
    0.0,
    0.0,
    0.0
  ],
  "training_times": [
    1.67017,
    4.077703,
    11.306206,
    28.916675,
    119.589316,
    160.625082,
    161.797216,
    159.728937,
    160.229819,
    167.021641
  ],
  "saturation_point": {
    "detected": true,
    "saturation_size": 1000,
    "saturation_accuracy": 0,
    "improvement_rate": 0.0,
    "point_index": 3
  },
  "recommendations": [
    "\ud83d\udd34 Low accuracy detected. Consider improving feature extraction or adding more diverse training data.",
    "\ud83d\udcca Saturation detected at 1,000 samples. Additional data beyond this point shows diminishing returns.",
    "\ud83d\udca1 Optimal training size: 1,000 samples for best efficiency.",
    "\u2699\ufe0f ML model is underutilized. Consider improving model confidence or knowledge base coverage."
  ]
}